{"_id":{"$oid":"6098378282234018fe675a0d"},"primaryindex":0,"version":0,"prevhash":"0x766c12e6e951ed5315a99d40c8f2053f0d29fbdff7d7035ff0a62476d15e546b","mer
kleroot":"0xe6786d0eff53904e93c9bc48e42611e8c62cc13cb2231475a76bc02717a01202","timestamp":1620588418091,"index":1637,"nextConsensus":"0xc45ae70e9fce84920837
e54cfe938cf4b67c6fcc","witnesses":[{"invocation":"DEB4kMhFz/RBwmTVZy7WKQSrDZbN1UEPNwkUG3G4Ye+lqDo1B3eW/ImqGG2DLFDI0kijnhX8eg4eAeteViEf9kfb","verification":"
EQwhA7EX+IlgQta69FhpHIyOn/RlzUOxbM++Dm3HofO+4jxJEUGe0Nw6"}],"hash":"0xcf3b61d532f55c3420c45eec75c707fd98342d46b5c0b403f4d64b63d5ea5138"}
